{
  "project_info": {
    "project_number": "214522018086",
    "project_id": "asds-b5229",
    "storage_bucket": "asds-b5229.appspot.com"
  },
  "client": [
    {
      "client_info": {
        "mobilesdk_app_id": "1:214522018086:android:1824985dbec5b5edcf29e7",
        "android_client_info": {
          "package_name": "com.example.admin.agricultureseeddelivarysystem"
        }
      },
      "oauth_client": [
        {
          "client_id": "214522018086-3t088nhgks28fpf63l4pjiaaln2aee9u.apps.googleusercontent.com",
          "client_type": 3
        }
      ],
      "api_key": [
        {
          "current_key": "AIzaSyB7nqZho8GDiAZID7w4fcZ8wc-nUyNpS-8"
        }
      ],
      "services": {
        "appinvite_service": {
          "other_platform_oauth_client": [
            {
              "client_id": "214522018086-3t088nhgks28fpf63l4pjiaaln2aee9u.apps.googleusercontent.com",
              "client_type": 3
            }
          ]
        }
      }
    }
  ],
  "configuration_version": "1"
}