{
  "project_info": {
    "project_number": "742856941435",
    "project_id": "agricultureseeddelivary",
    "storage_bucket": "agricultureseeddelivary.appspot.com"
  },
  "client": [
    {
      "client_info": {
        "mobilesdk_app_id": "1:742856941435:android:dbf47c8b5805c35b2da7de",
        "android_client_info": {
          "package_name": "com.example.admin.agricultureseeddelivary"
        }
      },
      "oauth_client": [
        {
          "client_id": "742856941435-dgecfhv4mqvpbko7cl55j0v8vion5ope.apps.googleusercontent.com",
          "client_type": 3
        }
      ],
      "api_key": [
        {
          "current_key": "AIzaSyBrzE0UVm2SMp6YkwjSM5AmWQ3RXVZNu6U"
        }
      ],
      "services": {
        "appinvite_service": {
          "other_platform_oauth_client": [
            {
              "client_id": "742856941435-dgecfhv4mqvpbko7cl55j0v8vion5ope.apps.googleusercontent.com",
              "client_type": 3
            }
          ]
        }
      }
    }
  ],
  "configuration_version": "1"
}